timestamp,ac_power_w,energy_wh,dc_power_w,ghi_wm2,ambient_temp_c,inverter_status,fault_code,demo_label
2026-06-21T06:00:00+05:30,0,0,0,0,25,normal,,SYNTHETIC_DEMO_ONLY
2026-06-21T07:00:00+05:30,260,260,280,70,26,normal,,SYNTHETIC_DEMO_ONLY
2026-06-21T08:00:00+05:30,1080,1080,1160,300,28,normal,,SYNTHETIC_DEMO_ONLY
2026-06-21T09:00:00+05:30,2050,2050,2200,550,30,normal,,SYNTHETIC_DEMO_ONLY
2026-06-21T10:00:00+05:30,2900,2900,3100,750,32,normal,,SYNTHETIC_DEMO_ONLY
2026-06-21T11:00:00+05:30,3500,3500,3750,900,34,normal,,SYNTHETIC_DEMO_ONLY
2026-06-21T12:00:00+05:30,1750,1750,1900,950,35,normal,,SYNTHETIC_DEMO_ONLY
2026-06-21T13:00:00+05:30,1550,1550,1700,850,35,normal,,SYNTHETIC_DEMO_ONLY
2026-06-21T14:00:00+05:30,2450,2450,2630,650,34,normal,,SYNTHETIC_DEMO_ONLY
2026-06-21T15:00:00+05:30,1500,1500,1620,400,33,normal,,SYNTHETIC_DEMO_ONLY
2026-06-21T16:00:00+05:30,560,560,610,150,31,normal,,SYNTHETIC_DEMO_ONLY
2026-06-21T17:00:00+05:30,75,75,90,20,29,normal,,SYNTHETIC_DEMO_ONLY
2026-06-21T18:00:00+05:30,0,0,0,0,28,normal,,SYNTHETIC_DEMO_ONLY
